generation,time_seconds,channel_0,channel_1
2,0.0,-8.07046890258789e-05,-0.9998824596405029
2,0.001,-0.30905741453170776,-0.9509198069572449
2,0.002,-0.5877814292907715,-0.8088744878768921
2,0.003,-0.8089693188667297,-0.5876508951187134
2,0.004,-0.8089693188667297,-0.5876508951187134
2,0.005,-0.9509696364402771,-0.30890393257141113
2,0.006,-0.9998824596405029,8.07046890258789e-05
2,0.007,-0.9509198069572449,0.30905741453170776
2,0.008,-0.8088744878768921,0.5877814292907715
2,0.009,-0.30890393257141113,0.9509696364402771
2,0.01,-0.30890393257141113,0.9509696364402771
2,0.011,8.07046890258789e-05,0.9998824596405029
2,0.012,0.30905741453170776,0.9509198069572449
2,0.013,0.5877814292907715,0.8088744878768921
2,0.014,0.8089693188667297,0.5876508951187134
2,0.015,0.9509696364402771,0.30890393257141113
2,0.016,0.9998824596405029,-8.07046890258789e-05
2,0.017,0.9509198069572449,-0.30905741453170776
2,0.018,0.8088744878768921,-0.5877814292907715
2,0.019,0.5876508951187134,-0.8089693188667297
2,0.02,0.30890393257141113,-0.9509696364402771
2,0.021,-8.07046890258789e-05,-0.9998824596405029
2,0.022,-0.30905741453170776,-0.9509198069572449
2,0.023,-0.5877814292907715,-0.8088744878768921
2,0.024,-0.8089693188667297,-0.5876508951187134
2,0.025,-0.9509696364402771,-0.30890393257141113
2,0.026,-0.9998824596405029,8.07046890258789e-05
2,0.027,-0.9509198069572449,0.30905741453170776
2,0.028,-0.8088744878768921,0.5877814292907715
2,0.029,-0.5876508951187134,0.8089693188667297
2,0.03,-0.30890393257141113,0.9509696364402771
2,0.031,8.07046890258789e-05,0.9998824596405029
2,0.032,0.30905741453170776,0.9509198069572449
2,0.033,0.5877814292907715,0.8088744878768921
2,0.034,0.8089693188667297,0.5876508951187134
2,0.035,0.9509696364402771,0.30890393257141113
2,0.036,0.9998824596405029,-8.07046890258789e-05
2,0.037,0.9509198069572449,-0.30905741453170776
2,0.038,0.8088744878768921,-0.5877814292907715
2,0.039,0.5876508951187134,-0.8089693188667297
2,0.04,0.30890393257141113,-0.9509696364402771
2,0.041,-8.07046890258789e-05,-0.9998824596405029
2,0.042,-0.30905741453170776,-0.9509198069572449
2,0.043,-0.5877814292907715,-0.8088744878768921
2,0.044,-0.8089693188667297,-0.5876508951187134
2,0.045,-0.9509696364402771,-0.30890393257141113
2,0.046,-0.9998824596405029,8.07046890258789e-05
2,0.047,-0.9509198069572449,0.30905741453170776
2,0.048,-0.8088744878768921,0.5877814292907715
2,0.049,-0.5876508951187134,0.8089693188667297
2,0.05,-0.30890393257141113,0.9509696364402771
2,0.051,8.07046890258789e-05,0.9998824596405029
2,0.052,0.30905741453170776,0.9509198069572449
2,0.053,0.5877814292907715,0.8088744878768921
2,0.054,0.8089693188667297,0.5876508951187134
2,0.055,0.9998824596405029,-8.07046890258789e-05
2,0.056,0.9998824596405029,-8.07046890258789e-05
2,0.057,0.9509198069572449,-0.30905741453170776
2,0.058,0.8088744878768921,-0.5877814292907715
2,0.059,0.5876508951187134,-0.8089693188667297
2,0.06,-8.07046890258789e-05,-0.9998824596405029
2,0.061,-8.07046890258789e-05,-0.9998824596405029
2,0.062,-0.30905741453170776,-0.9509198069572449
2,0.063,-0.5877814292907715,-0.8088744878768921
2,0.064,-0.8089693188667297,-0.5876508951187134
2,0.065,-0.9509696364402771,-0.30890393257141113
2,0.066,-0.9998824596405029,8.07046890258789e-05
2,0.067,-0.9509198069572449,0.30905741453170776
2,0.068,-0.8088744878768921,0.5877814292907715
2,0.069,-0.5876508951187134,0.8089693188667297
2,0.07,-0.30890393257141113,0.9509696364402771
2,0.071,8.07046890258789e-05,0.9998824596405029
2,0.072,0.30905741453170776,0.9509198069572449
2,0.073,0.5877814292907715,0.8088744878768921
2,0.074,0.8089693188667297,0.5876508951187134
2,0.075,0.9509696364402771,0.30890393257141113
2,0.076,0.9998824596405029,-8.07046890258789e-05
2,0.077,0.9509198069572449,-0.30905741453170776
2,0.078,0.8088744878768921,-0.5877814292907715
2,0.079,0.5876508951187134,-0.8089693188667297
2,0.08,0.30890393257141113,-0.9509696364402771
2,0.081,-8.07046890258789e-05,-0.9998824596405029
2,0.082,-0.30905741453170776,-0.9509198069572449
2,0.083,-0.5877814292907715,-0.8088744878768921
2,0.084,-0.8089693188667297,-0.5876508951187134
2,0.085,-0.9509696364402771,-0.30890393257141113
2,0.086,-0.9998824596405029,8.07046890258789e-05
2,0.087,-0.9509198069572449,0.30905741453170776
2,0.088,-0.8088744878768921,0.5877814292907715
2,0.089,-0.5876508951187134,0.8089693188667297
2,0.09,-0.30890393257141113,0.9509696364402771
2,0.091,8.07046890258789e-05,0.9998824596405029
2,0.092,0.30905741453170776,0.9509198069572449
2,0.093,0.5877814292907715,0.8088744878768921
2,0.094,0.8089693188667297,0.5876508951187134
2,0.095,0.9509696364402771,0.30890393257141113
2,0.096,0.9998824596405029,-8.07046890258789e-05
2,0.097,0.9509198069572449,-0.30905741453170776
2,0.098,0.8088744878768921,-0.5877814292907715
2,0.099,0.5876508951187134,-0.8089693188667297
2,0.1,0.30890393257141113,-0.9509696364402771
2,0.101,-8.07046890258789e-05,-0.9998824596405029
2,0.102,-0.30905741453170776,-0.9509198069572449
2,0.103,-0.5877814292907715,-0.8088744878768921
2,0.104,-0.8089693188667297,-0.5876508951187134
2,0.105,-0.9509696364402771,-0.30890393257141113
2,0.106,-0.9998824596405029,8.07046890258789e-05
2,0.107,-0.8088744878768921,0.5877814292907715
2,0.108,-0.8088744878768921,0.5877814292907715
2,0.109,-0.5876508951187134,0.8089693188667297
2,0.11,-0.30890393257141113,0.9509696364402771
2,0.111,8.07046890258789e-05,0.9998824596405029
2,0.112,0.5877814292907715,0.8088744878768921
2,0.113,0.5877814292907715,0.8088744878768921
2,0.114,0.8089693188667297,0.5876508951187134
2,0.115,0.9509696364402771,0.30890393257141113
2,0.116,0.9998824596405029,-8.07046890258789e-05
2,0.117,0.9509198069572449,-0.30905741453170776
2,0.118,0.8088744878768921,-0.5877814292907715
2,0.119,0.5876508951187134,-0.8089693188667297
2,0.12,0.30890393257141113,-0.9509696364402771
2,0.121,-8.07046890258789e-05,-0.9998824596405029
2,0.122,-0.30905741453170776,-0.9509198069572449
2,0.123,-0.5877814292907715,-0.8088744878768921
2,0.124,-0.8089693188667297,-0.5876508951187134
2,0.125,-0.9509696364402771,-0.30890393257141113
2,0.126,-0.9998824596405029,8.07046890258789e-05
2,0.127,-0.9509198069572449,0.30905741453170776
2,0.128,-0.8088744878768921,0.5877814292907715
2,0.129,-0.5876508951187134,0.8089693188667297
2,0.13,-0.30890393257141113,0.9509696364402771
2,0.131,8.07046890258789e-05,0.9998824596405029
2,0.132,0.30905741453170776,0.9509198069572449
2,0.133,0.5877814292907715,0.8088744878768921
2,0.134,0.8089693188667297,0.5876508951187134
2,0.135,0.9509696364402771,0.30890393257141113
2,0.136,0.9998824596405029,-8.07046890258789e-05
2,0.137,0.9509198069572449,-0.30905741453170776
2,0.138,0.8088744878768921,-0.5877814292907715
2,0.139,0.5876508951187134,-0.8089693188667297
2,0.14,0.30890393257141113,-0.9509696364402771
2,0.141,-8.07046890258789e-05,-0.9998824596405029
2,0.142,-0.30905741453170776,-0.9509198069572449
2,0.143,-0.5877814292907715,-0.8088744878768921
2,0.144,-0.8089693188667297,-0.5876508951187134
2,0.145,-0.9509696364402771,-0.30890393257141113
2,0.146,-0.9998824596405029,8.07046890258789e-05
2,0.147,-0.9509198069572449,0.30905741453170776
2,0.148,-0.8088744878768921,0.5877814292907715
2,0.149,-0.5876508951187134,0.8089693188667297
2,0.15,-0.30890393257141113,0.9509696364402771
2,0.151,8.07046890258789e-05,0.9998824596405029
2,0.152,0.30905741453170776,0.9509198069572449
2,0.153,0.5877814292907715,0.8088744878768921
2,0.154,0.8089693188667297,0.5876508951187134
2,0.155,0.9509696364402771,0.30890393257141113
2,0.156,0.9998824596405029,-8.07046890258789e-05
2,0.157,0.9509198069572449,-0.30905741453170776
2,0.158,0.8088744878768921,-0.5877814292907715
2,0.159,0.30890393257141113,-0.9509696364402771
2,0.16,0.30890393257141113,-0.9509696364402771
2,0.161,-8.07046890258789e-05,-0.9998824596405029
2,0.162,-0.5877814292907715,-0.8088744878768921
2,0.163,-0.5877814292907715,-0.8088744878768921
2,0.164,-0.8089693188667297,-0.5876508951187134
2,0.165,-0.9509696364402771,-0.30890393257141113
2,0.166,-0.9998824596405029,8.07046890258789e-05
2,0.167,-0.9509198069572449,0.30905741453170776
2,0.168,-0.8088744878768921,0.5877814292907715
2,0.169,-0.5876508951187134,0.8089693188667297
2,0.17,-0.30890393257141113,0.9509696364402771
2,0.171,8.07046890258789e-05,0.9998824596405029
2,0.172,0.30905741453170776,0.9509198069572449
2,0.173,0.5877814292907715,0.8088744878768921
2,0.174,0.8089693188667297,0.5876508951187134
2,0.175,0.9509696364402771,0.30890393257141113
2,0.176,0.9998824596405029,-8.07046890258789e-05
2,0.177,0.9509198069572449,-0.30905741453170776
2,0.178,0.8088744878768921,-0.5877814292907715
2,0.179,0.5876508951187134,-0.8089693188667297
2,0.18,0.30890393257141113,-0.9509696364402771
2,0.181,-8.07046890258789e-05,-0.9998824596405029
2,0.182,-0.30905741453170776,-0.9509198069572449
2,0.183,-0.5877814292907715,-0.8088744878768921
2,0.184,-0.8089693188667297,-0.5876508951187134
2,0.185,-0.9509696364402771,-0.30890393257141113
2,0.186,-0.9998824596405029,8.07046890258789e-05
2,0.187,-0.9509198069572449,0.30905741453170776
2,0.188,-0.8088744878768921,0.5877814292907715
2,0.189,-0.5876508951187134,0.8089693188667297
2,0.19,-0.30890393257141113,0.9509696364402771
2,0.191,8.07046890258789e-05,0.9998824596405029
2,0.192,0.30905741453170776,0.9509198069572449
2,0.193,0.5877814292907715,0.8088744878768921
2,0.194,0.8089693188667297,0.5876508951187134
2,0.195,0.9509696364402771,0.30890393257141113
2,0.196,0.9998824596405029,-8.07046890258789e-05
2,0.197,0.9509198069572449,-0.30905741453170776
2,0.198,0.8088744878768921,-0.5877814292907715
2,0.199,0.5876508951187134,-0.8089693188667297
2,0.2,0.30890393257141113,-0.9509696364402771
2,0.201,-8.07046890258789e-05,-0.9998824596405029
2,0.202,-0.30905741453170776,-0.9509198069572449
2,0.203,-0.5877814292907715,-0.8088744878768921
2,0.204,-0.8089693188667297,-0.5876508951187134
2,0.205,-0.9509696364402771,-0.30890393257141113
2,0.206,-0.9998824596405029,8.07046890258789e-05
2,0.207,-0.9509198069572449,0.30905741453170776
2,0.208,-0.8088744878768921,0.5877814292907715
2,0.209,-0.5876508951187134,0.8089693188667297
2,0.21,-0.30890393257141113,0.9509696364402771
2,0.211,0.30905741453170776,0.9509198069572449
2,0.212,0.30905741453170776,0.9509198069572449
2,0.213,0.5877814292907715,0.8088744878768921
2,0.214,0.8089693188667297,0.5876508951187134
2,0.215,0.9998824596405029,-8.07046890258789e-05
2,0.216,0.9998824596405029,-8.07046890258789e-05
2,0.217,0.9509198069572449,-0.30905741453170776
2,0.218,0.8088744878768921,-0.5877814292907715
2,0.219,0.5876508951187134,-0.8089693188667297
2,0.22,0.30890393257141113,-0.9509696364402771
2,0.221,-8.07046890258789e-05,-0.9998824596405029
2,0.222,-0.30905741453170776,-0.9509198069572449
2,0.223,-0.5877814292907715,-0.8088744878768921
2,0.224,-0.8089693188667297,-0.5876508951187134
2,0.225,-0.9509696364402771,-0.30890393257141113
2,0.226,-0.9998824596405029,8.07046890258789e-05
2,0.227,-0.9509198069572449,0.30905741453170776
2,0.228,-0.8088744878768921,0.5877814292907715
2,0.229,-0.5876508951187134,0.8089693188667297
2,0.23,-0.30890393257141113,0.9509696364402771
2,0.231,8.07046890258789e-05,0.9998824596405029
2,0.232,0.30905741453170776,0.9509198069572449
2,0.233,0.5877814292907715,0.8088744878768921
2,0.234,0.8089693188667297,0.5876508951187134
2,0.235,0.9509696364402771,0.30890393257141113
2,0.236,0.9998824596405029,-8.07046890258789e-05
2,0.237,0.9509198069572449,-0.30905741453170776
2,0.238,0.8088744878768921,-0.5877814292907715
2,0.239,0.5876508951187134,-0.8089693188667297
2,0.24,0.30890393257141113,-0.9509696364402771
2,0.241,-8.07046890258789e-05,-0.9998824596405029
2,0.242,-0.30905741453170776,-0.9509198069572449
2,0.243,-0.5877814292907715,-0.8088744878768921
2,0.244,-0.8089693188667297,-0.5876508951187134
2,0.245,-0.9509696364402771,-0.30890393257141113
2,0.246,-0.9998824596405029,8.07046890258789e-05
2,0.247,-0.9509198069572449,0.30905741453170776
2,0.248,-0.8088744878768921,0.5877814292907715
2,0.249,-0.5876508951187134,0.8089693188667297
2,0.25,-0.30890393257141113,0.9509696364402771
2,0.251,8.07046890258789e-05,0.9998824596405029
2,0.252,0.30905741453170776,0.9509198069572449
2,0.253,0.5877814292907715,0.8088744878768921
2,0.254,0.8089693188667297,0.5876508951187134
2,0.255,0.9509696364402771,0.30890393257141113
2,0.256,0.9998824596405029,-8.07046890258789e-05
2,0.257,0.9509198069572449,-0.30905741453170776
2,0.258,0.8088744878768921,-0.5877814292907715
2,0.259,0.5876508951187134,-0.8089693188667297
2,0.26,0.30890393257141113,-0.9509696364402771
2,0.261,-8.07046890258789e-05,-0.9998824596405029
2,0.262,-0.30905741453170776,-0.9509198069572449
2,0.263,-0.8089693188667297,-0.5876508951187134
2,0.264,-0.8089693188667297,-0.5876508951187134
2,0.265,-0.9509696364402771,-0.30890393257141113
2,0.266,-0.9998824596405029,8.07046890258789e-05
2,0.267,-0.9509198069572449,0.30905741453170776
2,0.268,-0.5876508951187134,0.8089693188667297
2,0.269,-0.5876508951187134,0.8089693188667297
2,0.27,-0.30890393257141113,0.9509696364402771
2,0.271,8.07046890258789e-05,0.9998824596405029
2,0.272,0.30905741453170776,0.9509198069572449
2,0.273,0.5877814292907715,0.8088744878768921
2,0.274,0.8089693188667297,0.5876508951187134
2,0.275,0.9509696364402771,0.30890393257141113
2,0.276,0.9998824596405029,-8.07046890258789e-05
2,0.277,0.9509198069572449,-0.30905741453170776
2,0.278,0.8088744878768921,-0.5877814292907715
2,0.279,0.5876508951187134,-0.8089693188667297
2,0.28,0.30890393257141113,-0.9509696364402771
2,0.281,-8.07046890258789e-05,-0.9998824596405029
2,0.282,-0.30905741453170776,-0.9509198069572449
2,0.283,-0.5877814292907715,-0.8088744878768921
2,0.284,-0.8089693188667297,-0.5876508951187134
2,0.285,-0.9509696364402771,-0.30890393257141113
2,0.286,-0.9998824596405029,8.07046890258789e-05
2,0.287,-0.9509198069572449,0.30905741453170776
2,0.288,-0.8088744878768921,0.5877814292907715
2,0.289,-0.5876508951187134,0.8089693188667297
2,0.29,-0.30890393257141113,0.9509696364402771
2,0.291,8.07046890258789e-05,0.9998824596405029
2,0.292,0.30905741453170776,0.9509198069572449
2,0.293,0.5877814292907715,0.8088744878768921
2,0.294,0.8089693188667297,0.5876508951187134
2,0.295,0.9509696364402771,0.30890393257141113
2,0.296,0.9998824596405029,-8.07046890258789e-05
2,0.297,0.9509198069572449,-0.30905741453170776
2,0.298,0.8088744878768921,-0.5877814292907715
2,0.299,0.5876508951187134,-0.8089693188667297
2,0.3,0.30890393257141113,-0.9509696364402771
2,0.301,-8.07046890258789e-05,-0.9998824596405029
2,0.302,-0.30905741453170776,-0.9509198069572449
2,0.303,-0.5877814292907715,-0.8088744878768921
2,0.304,-0.8089693188667297,-0.5876508951187134
2,0.305,-0.9509696364402771,-0.30890393257141113
2,0.306,-0.9998824596405029,8.07046890258789e-05
2,0.307,-0.9509198069572449,0.30905741453170776
2,0.308,-0.8088744878768921,0.5877814292907715
2,0.309,-0.5876508951187134,0.8089693188667297
2,0.31,-0.30890393257141113,0.9509696364402771
2,0.311,8.07046890258789e-05,0.9998824596405029
2,0.312,0.30905741453170776,0.9509198069572449
2,0.313,0.5877814292907715,0.8088744878768921
2,0.314,0.8089693188667297,0.5876508951187134
2,0.315,0.9998824596405029,-8.07046890258789e-05
2,0.316,0.9998824596405029,-8.07046890258789e-05
2,0.317,0.9509198069572449,-0.30905741453170776
2,0.318,0.8088744878768921,-0.5877814292907715
2,0.319,0.5876508951187134,-0.8089693188667297
2,0.32,-8.07046890258789e-05,-0.9998824596405029
2,0.321,-8.07046890258789e-05,-0.9998824596405029
2,0.322,-0.30905741453170776,-0.9509198069572449
2,0.323,-0.5877814292907715,-0.8088744878768921
2,0.324,-0.8089693188667297,-0.5876508951187134
2,0.325,-0.9509696364402771,-0.30890393257141113
2,0.326,-0.9998824596405029,8.07046890258789e-05
2,0.327,-0.9509198069572449,0.30905741453170776
2,0.328,-0.8088744878768921,0.5877814292907715
2,0.329,-0.5876508951187134,0.8089693188667297
2,0.33,-0.30890393257141113,0.9509696364402771
2,0.331,8.07046890258789e-05,0.9998824596405029
2,0.332,0.30905741453170776,0.9509198069572449
2,0.333,0.5877814292907715,0.8088744878768921
2,0.334,0.8089693188667297,0.5876508951187134
2,0.335,0.9509696364402771,0.30890393257141113
2,0.336,0.9998824596405029,-8.07046890258789e-05
2,0.337,0.9509198069572449,-0.30905741453170776
2,0.338,0.8088744878768921,-0.5877814292907715
2,0.339,0.5876508951187134,-0.8089693188667297
2,0.34,0.30890393257141113,-0.9509696364402771
2,0.341,-8.07046890258789e-05,-0.9998824596405029
2,0.342,-0.30905741453170776,-0.9509198069572449
2,0.343,-0.5877814292907715,-0.8088744878768921
2,0.344,-0.8089693188667297,-0.5876508951187134
2,0.345,-0.9509696364402771,-0.30890393257141113
2,0.346,-0.9998824596405029,8.07046890258789e-05
2,0.347,-0.9509198069572449,0.30905741453170776
2,0.348,-0.8088744878768921,0.5877814292907715
2,0.349,-0.5876508951187134,0.8089693188667297
2,0.35,-0.30890393257141113,0.9509696364402771
2,0.351,8.07046890258789e-05,0.9998824596405029
2,0.352,0.30905741453170776,0.9509198069572449
2,0.353,0.5877814292907715,0.8088744878768921
2,0.354,0.8089693188667297,0.5876508951187134
2,0.355,0.9509696364402771,0.30890393257141113
2,0.356,0.9998824596405029,-8.07046890258789e-05
2,0.357,0.9509198069572449,-0.30905741453170776
2,0.358,0.8088744878768921,-0.5877814292907715
2,0.359,0.5876508951187134,-0.8089693188667297
2,0.36,0.30890393257141113,-0.9509696364402771
2,0.361,-8.07046890258789e-05,-0.9998824596405029
2,0.362,-0.30905741453170776,-0.9509198069572449
2,0.363,-0.5877814292907715,-0.8088744878768921
2,0.364,-0.8089693188667297,-0.5876508951187134
2,0.365,-0.9509696364402771,-0.30890393257141113
2,0.366,-0.9998824596405029,8.07046890258789e-05
2,0.367,-0.8088744878768921,0.5877814292907715
2,0.368,-0.8088744878768921,0.5877814292907715
2,0.369,-0.5876508951187134,0.8089693188667297
2,0.37,-0.30890393257141113,0.9509696364402771
2,0.371,0.30905741453170776,0.9509198069572449
2,0.372,0.30905741453170776,0.9509198069572449
2,0.373,0.5877814292907715,0.8088744878768921
2,0.374,0.8089693188667297,0.5876508951187134
2,0.375,0.9509696364402771,0.30890393257141113
2,0.376,0.9998824596405029,-8.07046890258789e-05
2,0.377,0.9509198069572449,-0.30905741453170776
2,0.378,0.8088744878768921,-0.5877814292907715
2,0.379,0.5876508951187134,-0.8089693188667297
2,0.38,0.30890393257141113,-0.9509696364402771
2,0.381,-8.07046890258789e-05,-0.9998824596405029
2,0.382,-0.30905741453170776,-0.9509198069572449
2,0.383,-0.5877814292907715,-0.8088744878768921
2,0.384,-0.8089693188667297,-0.5876508951187134
2,0.385,-0.9509696364402771,-0.30890393257141113
2,0.386,-0.9998824596405029,8.07046890258789e-05
2,0.387,-0.9509198069572449,0.30905741453170776
2,0.388,-0.8088744878768921,0.5877814292907715
2,0.389,-0.5876508951187134,0.8089693188667297
2,0.39,-0.30890393257141113,0.9509696364402771
2,0.391,8.07046890258789e-05,0.9998824596405029
2,0.392,0.30905741453170776,0.9509198069572449
2,0.393,0.5877814292907715,0.8088744878768921
2,0.394,0.8089693188667297,0.5876508951187134
2,0.395,0.9509696364402771,0.30890393257141113
2,0.396,0.9998824596405029,-8.07046890258789e-05
2,0.397,0.9509198069572449,-0.30905741453170776
2,0.398,0.8088744878768921,-0.5877814292907715
2,0.399,0.5876508951187134,-0.8089693188667297
